{"regiao":[{"bairro":"Belém","tipo":"Homicidio doloso","jan":"1"},{"bairro":"Belém","tipo":"Homicidio culposo por acidente de transito","jan":"1"},{"bairro":"Belém","tipo":"Homicidio culposo por acidente de transito","jan":"0"},{"bairro":"Belém","tipo":"Vitimas de homicidio por acidente de transito","jan":"0"},{"bairro":"Belém","tipo":"Homicidio culposo outros","jan":"0"},{"bairro":"Belém","tipo":"Tentativa de homicidio","jan":"0"},{"bairro":"Belém","tipo":"Lesao corporal seguida de morte","jan":"0"},{"bairro":"Belém","tipo":"Lesao corporal dolosa","jan":"0"},{"bairro":"Belém","tipo":"Lesao corporal por acidente de transito","jan":"13"},{"bairro":"Belém","tipo":"Lesao corporal culposa","jan":"2"},{"bairro":"Belém","tipo":"Lesao corporal outras","jan":"1"},{"bairro":"Belém","tipo":"Latrocinio","jan":"0"},{"bairro":"Belém","tipo":"Vitimas de latrocinio","jan":"0"},{"bairro":"Belém","tipo":"Total de estupro","jan":"0"},{"bairro":"Belém","tipo":"Estupro","jan":"0"},{"bairro":"Belém","tipo":"Estupro de funeravel","jan":"0"},{"bairro":"Belém","tipo":"Total de roubos outros","jan":"43"},{"bairro":"Belém","tipo":"Roubo outros","jan":"38"},{"bairro":"Belém","tipo":"Roubo de veiculo","jan":"2"},{"bairro":"Belém","tipo":"Roubo a bancoo","jan":"0"},{"bairro":"Belém","tipo":"Roubo de carga","jan":"5"},{"bairro":"Belém","tipo":"Furto outros","jan":"68"},{"bairro":"Belém","tipo":"Furto de veiculo","jan":"6"},{"bairro":"Belém","tipo":null,"jan":"0"},{"name":"Sul","value":0},{"name":"Norte","value":0},{"name":"Sudeste","value":0},{"name":"Nordeste","value":0},{"name":"Centro-Oeste","value":0}]}